node1,node2,length,startLat,startLon,endLat,endLon,endNodeL,startNodeL,startYear,endYear,treeID,tipLabel
5,6,0.01124077133,675188.324628102,657831.444035047,672020.29240617,656307.622952628,0.01124077133,0,2020.69366857293,2020.70490934426,200000000,NA
5,7,0.000310771325899999,675188.324628102,657831.444035047,675457.256750358,657867.339824507,0.000310771325899999,0,2020.69366857293,2020.69397934426,200000000,NA
6,1,8.68852464199973e-06,672020.29240617,656307.622952628,713461.10395493,695046.690957459,0.011249459854642,0.01124077133,2020.70490934426,2020.70491803279,200000000,SARS2-CoV/Belgium/Human/rega-0915954
6,2,0.005473169399,672020.29240617,656307.622952628,672292.974856462,655789.545355297,0.016713940729,0.01124077133,2020.70490934426,2020.71038251366,200000000,SARS2-CoV/Belgium/Human/rega-0917993
7,3,9.72677591000101e-06,675457.256750358,657867.339824507,675246.307159679,660299.917756209,0.00032049810181,0.000310771325899999,2020.69397934426,2020.69398907103,200000000,SARS2-CoV/Belgium/Human/rega-0911939
7,4,9.72677591000101e-06,675457.256750358,657867.339824507,675436.327167066,657834.257619965,0.00032049810181,0.000310771325899999,2020.69397934426,2020.69398907103,200000000,SARS2-CoV/Belgium/Human/rega-0911936
