node1,node2,length,startLat,startLon,endLat,endLon,endNodeL,startNodeL,startYear,endYear,treeID,tipLabel
5,6,0.01124077133,675211.433702906,659715.137834423,672953.734375425,657747.198719322,0.01124077133,0,2020.69366857293,2020.70490934426,242800000,NA
5,7,0.000310771325899999,675211.433702906,659715.137834423,675247.206899212,660331.667235207,0.000310771325899999,0,2020.69366857293,2020.69397934426,242800000,NA
6,1,8.68852464199973e-06,672953.734375425,657747.198719322,713461.10395493,695046.690957459,0.011249459854642,0.01124077133,2020.70490934426,2020.70491803279,242800000,SARS2-CoV/Belgium/Human/rega-0915954
6,2,0.005473169399,672953.734375425,657747.198719322,672292.974856462,655789.545355297,0.016713940729,0.01124077133,2020.70490934426,2020.71038251366,242800000,SARS2-CoV/Belgium/Human/rega-0917993
7,3,9.72677591000101e-06,675247.206899212,660331.667235207,675246.307159679,660299.917756209,0.00032049810181,0.000310771325899999,2020.69397934426,2020.69398907103,242800000,SARS2-CoV/Belgium/Human/rega-0911939
7,4,9.72677591000101e-06,675247.206899212,660331.667235207,675436.327167066,657834.257619965,0.00032049810181,0.000310771325899999,2020.69397934426,2020.69398907103,242800000,SARS2-CoV/Belgium/Human/rega-0911936
