node1,node2,length,startLat,startLon,endLat,endLon,endNodeL,startNodeL,startYear,endYear,treeID,tipLabel
8,1,0.02735437158,668480.656187261,692101.644743695,669195.139388195,692549.460745613,0.02735437158,0,2020.69668934426,2020.72404371585,165600000,SARS2-CoV/Belgium/Human/rega-09221024
8,9,0.01095,668480.656187261,692101.644743695,668198.703915229,692815.422173474,0.01095,0,2020.69668934426,2020.70763934427,165600000,NA
9,2,1.09289617700042e-05,668198.703915229,692815.422173474,668168.461323378,692719.281858317,0.01096092896177,0.01095,2020.70763934427,2020.70765027323,165600000,SARS2-CoV/Belgium/Human/rega-0916959
9,10,0.00156,668198.703915229,692815.422173474,668796.429086841,687294.018758842,0.01251,0.01095,2020.70763934427,2020.70919934427,165600000,NA
10,11,0.0011,668796.429086841,687294.018758842,669280.809722356,687253.906842909,0.01361,0.01251,2020.70919934427,2020.71029934426,165600000,NA
10,12,0.01241,668796.429086841,687294.018758842,668797.433845947,685803.797290455,0.02492,0.01251,2020.70919934427,2020.72160934427,165600000,NA
11,3,0.002815409836,669280.809722356,687253.906842909,685513.945897369,663716.786596849,0.016425409836,0.01361,2020.71029934426,2020.7131147541,165600000,SARS2-CoV/Belgium/Human/rega-09181051
11,4,0.002815409836,669280.809722356,687253.906842909,669254.975927914,687495.608964647,0.016425409836,0.01361,2020.71029934426,2020.7131147541,165600000,SARS2-CoV/Belgium/Human/rega-09181049
12,7,0.002434371585,668797.433845947,685803.797290455,667455.689203162,692878.641525089,0.027354371585,0.02492,2020.72160934427,2020.72404371585,165600000,SARS2-CoV/Belgium/Human/rega-09221013
12,13,0.00242,668797.433845947,685803.797290455,668310.961390074,686011.734420439,0.02734,0.02492,2020.72160934427,2020.72402934427,165600000,NA
13,6,1.4371584750001e-05,668310.961390074,686011.734420439,663025.570765164,690205.809430159,0.02735437158475,0.02734,2020.72402934427,2020.72404371585,165600000,SARS2-CoV/Belgium/Human/rega-09221019
13,5,1.4371584750001e-05,668310.961390074,686011.734420439,668145.168729205,686194.520528651,0.02735437158475,0.02734,2020.72402934427,2020.72404371585,165600000,SARS2-CoV/Belgium/Human/rega-09221017
