node1,node2,length,startLat,startLon,endLat,endLon,endNodeL,startNodeL,startYear,endYear,treeID,tipLabel
4,1,0.003485659611,673233.274911489,657073.737109509,673610.530883555,657291.814362331,0.003485659611,0,2020.75880942236,2020.76229508197,110400000,SARS2-CoV/Belgium/Human/rega-10061038
4,5,6.992190602e-05,673233.274911489,657073.737109509,673444.574968172,657988.328207663,6.992190602e-05,0,2020.75880942236,2020.75887934427,110400000,NA
5,2,0.003415737705,673444.574968172,657988.328207663,674291.905305597,673369.092857393,0.00348565961102,6.992190602e-05,2020.75887934427,2020.76229508197,110400000,SARS2-CoV/Belgium/Human/rega-10061033
5,3,0.003415737705,673444.574968172,657988.328207663,663702.134619109,657460.020853104,0.00348565961102,6.992190602e-05,2020.75887934427,2020.76229508197,110400000,SARS2-CoV/Belgium/Human/rega-10061032
