node1,node2,length,startLat,startLon,endLat,endLon,endNodeL,startNodeL,startYear,endYear,treeID,tipLabel
4,1,0.003485659611,674192.042574368,658148.890147252,673610.530883555,657291.814362331,0.003485659611,0,2020.75880942236,2020.76229508197,412400000,SARS2-CoV/Belgium/Human/rega-10061038
4,5,6.992190602e-05,674192.042574368,658148.890147252,674407.038741803,658303.381529463,6.992190602e-05,0,2020.75880942236,2020.75887934427,412400000,NA
5,2,0.003415737705,674407.038741803,658303.381529463,674291.905305597,673369.092857393,0.00348565961102,6.992190602e-05,2020.75887934427,2020.76229508197,412400000,SARS2-CoV/Belgium/Human/rega-10061033
5,3,0.003415737705,674407.038741803,658303.381529463,663702.134619109,657460.020853104,0.00348565961102,6.992190602e-05,2020.75887934427,2020.76229508197,412400000,SARS2-CoV/Belgium/Human/rega-10061032
