node1,node2,length,startLat,startLon,endLat,endLon,endNodeL,startNodeL,startYear,endYear,treeID,tipLabel
4,1,0.1026385212,709261.651937296,652948.399984651,675533.952938266,671604.497720343,0.1026385212,0,2020.43834508536,2020.54098360656,232400000,SARS2-CoV/Belgium/Human/rega-0717699
4,5,0.02886425893,709261.651937296,652948.399984651,708705.775959607,652803.181306077,0.02886425893,0,2020.43834508536,2020.46720934429,232400000,NA
5,2,3.77049171000621e-06,708705.775959607,652803.181306077,708894.188132956,650202.88139606,0.02886802942171,0.02886425893,2020.46720934429,2020.46721311478,232400000,SARS2-CoV/Belgium/Human/rega-0620850
5,3,3.77049171000621e-06,708705.775959607,652803.181306077,708702.921725773,652789.501945574,0.02886802942171,0.02886425893,2020.46720934429,2020.46721311478,232400000,SARS2-CoV/Belgium/Human/rega-0620851
