node1,node2,length,startLat,startLon,endLat,endLon,endNodeL,startNodeL,startYear,endYear,treeID,tipLabel
4,1,0.1026385212,702825.684846854,657570.53123974,675533.952938266,671604.497720343,0.1026385212,0,2020.43834508536,2020.54098360656,78000000,SARS2-CoV/Belgium/Human/rega-0717699
4,5,0.02886425893,702825.684846854,657570.53123974,708351.702023994,652823.324411474,0.02886425893,0,2020.43834508536,2020.46720934429,78000000,NA
5,2,3.77049171000621e-06,708351.702023994,652823.324411474,708894.188132956,650202.88139606,0.02886802942171,0.02886425893,2020.46720934429,2020.46721311478,78000000,SARS2-CoV/Belgium/Human/rega-0620850
5,3,3.77049171000621e-06,708351.702023994,652823.324411474,708702.921725773,652789.501945574,0.02886802942171,0.02886425893,2020.46720934429,2020.46721311478,78000000,SARS2-CoV/Belgium/Human/rega-0620851
