node1,node2,length,startLat,startLon,endLat,endLon,endNodeL,startNodeL,startYear,endYear,treeID,tipLabel
6,7,0.01991,696939.544561546,712170.422367104,697096.10012954,712226.791012645,0.01991,0,2020.24503934427,2020.26494934427,406400000,NA
6,8,0.05949,696939.544561546,712170.422367104,696855.279047712,712483.127664596,0.05949,0,2020.24503934427,2020.30452934427,406400000,NA
7,1,0.05199054645,697096.10012954,712226.791012645,697424.261007372,716026.713766683,0.07190054645,0.01991,2020.26494934427,2020.31693989072,406400000,SARS2-CoV/Belgium/Human/rega-0426606
7,2,0.07384846995,697096.10012954,712226.791012645,697297.033498882,708611.476048081,0.09375846995,0.01991,2020.26494934427,2020.33879781422,406400000,hCoV-19/Belgium/rega-0504484/2020|EPI_ISL_477000|2020-05-04|Europe
8,3,0.01514278689,696855.279047712,712483.127664596,693923.153474335,716937.620125359,0.07463278689,0.05949,2020.30452934427,2020.31967213116,406400000,SARS2-CoV/Belgium/Human/rega-0427612
8,9,0.01785,696855.279047712,712483.127664596,697275.859494794,704289.566660948,0.07734,0.05949,2020.30452934427,2020.32237934427,406400000,NA
9,4,0.02734743169,697275.859494794,704289.566660948,691247.693683055,722346.052264279,0.10468743169,0.07734,2020.32237934427,2020.34972677596,406400000,SARS2-CoV/Belgium/Human/rega-0508647
9,5,0.00275726776,697275.859494794,704289.566660948,697217.634198115,704294.856088326,0.08009726776,0.07734,2020.32237934427,2020.32513661203,406400000,SARS2-CoV/Belgium/Human/rega-0429622
