node1,node2,length,startLat,startLon,endLat,endLon,endNodeL,startNodeL,startYear,endYear,treeID,tipLabel
6,7,0.01991,697593.229206293,705814.458532982,697293.34562753,705870.9190887,0.01991,0,2020.24503934427,2020.26494934427,130000000,NA
6,8,0.05949,697593.229206293,705814.458532982,697643.64674908,704373.692789695,0.05949,0,2020.24503934427,2020.30452934427,130000000,NA
7,1,0.05199054645,697293.34562753,705870.9190887,697424.261007372,716026.713766683,0.07190054645,0.01991,2020.26494934427,2020.31693989072,130000000,SARS2-CoV/Belgium/Human/rega-0426606
7,2,0.07384846995,697293.34562753,705870.9190887,697297.033498882,708611.476048081,0.09375846995,0.01991,2020.26494934427,2020.33879781422,130000000,hCoV-19/Belgium/rega-0504484/2020|EPI_ISL_477000|2020-05-04|Europe
8,3,0.01514278689,697643.64674908,704373.692789695,693923.153474335,716937.620125359,0.07463278689,0.05949,2020.30452934427,2020.31967213116,130000000,SARS2-CoV/Belgium/Human/rega-0427612
8,9,0.01785,697643.64674908,704373.692789695,697436.245299166,704182.744530149,0.07734,0.05949,2020.30452934427,2020.32237934427,130000000,NA
9,4,0.02734743169,697436.245299166,704182.744530149,691247.693683055,722346.052264279,0.10468743169,0.07734,2020.32237934427,2020.34972677596,130000000,SARS2-CoV/Belgium/Human/rega-0508647
9,5,0.00275726776,697436.245299166,704182.744530149,697217.634198115,704294.856088326,0.08009726776,0.07734,2020.32237934427,2020.32513661203,130000000,SARS2-CoV/Belgium/Human/rega-0429622
