node1,node2,length,startLat,startLon,endLat,endLon,endNodeL,startNodeL,startYear,endYear,treeID,tipLabel
6,7,0.01991,695946.924890658,712758.765168651,697118.153656045,714837.054277304,0.01991,0,2020.24503934427,2020.26494934427,385600000,NA
6,8,0.05949,695946.924890658,712758.765168651,693659.891751179,717271.893726076,0.05949,0,2020.24503934427,2020.30452934427,385600000,NA
7,1,0.05199054645,697118.153656045,714837.054277304,697424.261007372,716026.713766683,0.07190054645,0.01991,2020.26494934427,2020.31693989072,385600000,SARS2-CoV/Belgium/Human/rega-0426606
7,2,0.07384846995,697118.153656045,714837.054277304,697297.033498882,708611.476048081,0.09375846995,0.01991,2020.26494934427,2020.33879781422,385600000,hCoV-19/Belgium/rega-0504484/2020|EPI_ISL_477000|2020-05-04|Europe
8,3,0.01514278689,693659.891751179,717271.893726076,693923.153474335,716937.620125359,0.07463278689,0.05949,2020.30452934427,2020.31967213116,385600000,SARS2-CoV/Belgium/Human/rega-0427612
8,9,0.01785,693659.891751179,717271.893726076,693843.163995058,716787.663075917,0.07734,0.05949,2020.30452934427,2020.32237934427,385600000,NA
9,4,0.02734743169,693843.163995058,716787.663075917,691247.693683055,722346.052264279,0.10468743169,0.07734,2020.32237934427,2020.34972677596,385600000,SARS2-CoV/Belgium/Human/rega-0508647
9,5,0.00275726776,693843.163995058,716787.663075917,697217.634198115,704294.856088326,0.08009726776,0.07734,2020.32237934427,2020.32513661203,385600000,SARS2-CoV/Belgium/Human/rega-0429622
