node1,node2,length,startLat,startLon,endLat,endLon,endNodeL,startNodeL,startYear,endYear,treeID,tipLabel
6,7,0.01991,702781.260562408,708521.868144537,701054.812789985,710418.776887004,0.01991,0,2020.24503934427,2020.26494934427,185600000,NA
6,8,0.05949,702781.260562408,708521.868144537,690765.47381522,720687.960449303,0.05949,0,2020.24503934427,2020.30452934427,185600000,NA
7,1,0.05199054645,701054.812789985,710418.776887004,697424.261007372,716026.713766683,0.07190054645,0.01991,2020.26494934427,2020.31693989072,185600000,SARS2-CoV/Belgium/Human/rega-0426606
7,2,0.07384846995,701054.812789985,710418.776887004,697297.033498882,708611.476048081,0.09375846995,0.01991,2020.26494934427,2020.33879781422,185600000,hCoV-19/Belgium/rega-0504484/2020|EPI_ISL_477000|2020-05-04|Europe
8,3,0.01514278689,690765.47381522,720687.960449303,693923.153474335,716937.620125359,0.07463278689,0.05949,2020.30452934427,2020.31967213116,185600000,SARS2-CoV/Belgium/Human/rega-0427612
8,9,0.01785,690765.47381522,720687.960449303,690553.316878843,722687.084539963,0.07734,0.05949,2020.30452934427,2020.32237934427,185600000,NA
9,4,0.02734743169,690553.316878843,722687.084539963,691247.693683055,722346.052264279,0.10468743169,0.07734,2020.32237934427,2020.34972677596,185600000,SARS2-CoV/Belgium/Human/rega-0508647
9,5,0.00275726776,690553.316878843,722687.084539963,697217.634198115,704294.856088326,0.08009726776,0.07734,2020.32237934427,2020.32513661203,185600000,SARS2-CoV/Belgium/Human/rega-0429622
