node1,node2,length,startLat,startLon,endLat,endLon,endNodeL,startNodeL,startYear,endYear,treeID,tipLabel
4,1,0.01668661202,684960.851065309,657942.672008881,690494.397981747,651825.892215,0.01668661202,0,2020.71008934426,2020.72677595628,71200000,SARS2-CoV/Belgium/Human/rega-09231006
4,5,0.00848,684960.851065309,657942.672008881,683496.522213573,667073.959595825,0.00848,0,2020.71008934426,2020.71856934426,71200000,NA
5,2,9.89071027300038e-06,683496.522213573,667073.959595825,675333.576253005,673628.918392156,0.008489890710273,0.00848,2020.71856934426,2020.71857923497,71200000,SARS2-CoV/Belgium/Human/rega-09201063
5,3,0.008206612022,683496.522213573,667073.959595825,681337.284188223,660088.052179923,0.016686612022,0.00848,2020.71856934426,2020.72677595628,71200000,SARS2-CoV/Belgium/Human/rega-09231005
