node1,node2,length,startLat,startLon,endLat,endLon,endNodeL,startNodeL,startYear,endYear,treeID,tipLabel
4,1,0.01668661202,673015.283689226,674770.383464827,690494.397981747,651825.892215,0.01668661202,0,2020.71008934426,2020.72677595628,450000000,SARS2-CoV/Belgium/Human/rega-09231006
4,5,0.00848,673015.283689226,674770.383464827,675283.857782781,673667.108626109,0.00848,0,2020.71008934426,2020.71856934426,450000000,NA
5,2,9.89071027300038e-06,675283.857782781,673667.108626109,675333.576253005,673628.918392156,0.008489890710273,0.00848,2020.71856934426,2020.71857923497,450000000,SARS2-CoV/Belgium/Human/rega-09201063
5,3,0.008206612022,675283.857782781,673667.108626109,681337.284188223,660088.052179923,0.016686612022,0.00848,2020.71856934426,2020.72677595628,450000000,SARS2-CoV/Belgium/Human/rega-09231005
