node1,node2,length,startLat,startLon,endLat,endLon,endNodeL,startNodeL,startYear,endYear,treeID,tipLabel
4,1,0.01668661202,681191.964760651,659510.542396357,690494.397981747,651825.892215,0.01668661202,0,2020.71008934426,2020.72677595628,400000000,SARS2-CoV/Belgium/Human/rega-09231006
4,5,0.00848,681191.964760651,659510.542396357,681364.935611176,659980.646696114,0.00848,0,2020.71008934426,2020.71856934426,400000000,NA
5,2,9.89071027300038e-06,681364.935611176,659980.646696114,675333.576253005,673628.918392156,0.008489890710273,0.00848,2020.71856934426,2020.71857923497,400000000,SARS2-CoV/Belgium/Human/rega-09201063
5,3,0.008206612022,681364.935611176,659980.646696114,681337.284188223,660088.052179923,0.016686612022,0.00848,2020.71856934426,2020.72677595628,400000000,SARS2-CoV/Belgium/Human/rega-09231005
