node1,node2,length,startLat,startLon,endLat,endLon,endNodeL,startNodeL,startYear,endYear,treeID,tipLabel
4,1,0.01668661202,690702.958476922,650499.115639438,690494.397981747,651825.892215,0.01668661202,0,2020.71008934426,2020.72677595628,116400000,SARS2-CoV/Belgium/Human/rega-09231006
4,5,0.00848,690702.958476922,650499.115639438,675322.627212919,673635.652176296,0.00848,0,2020.71008934426,2020.71856934426,116400000,NA
5,2,9.89071027300038e-06,675322.627212919,673635.652176296,675333.576253005,673628.918392156,0.008489890710273,0.00848,2020.71856934426,2020.71857923497,116400000,SARS2-CoV/Belgium/Human/rega-09201063
5,3,0.008206612022,675322.627212919,673635.652176296,681337.284188223,660088.052179923,0.016686612022,0.00848,2020.71856934426,2020.72677595628,116400000,SARS2-CoV/Belgium/Human/rega-09231005
