node1,node2,length,startLat,startLon,endLat,endLon,endNodeL,startNodeL,startYear,endYear,treeID,tipLabel
4,1,0.01668661202,675577.730676297,671889.261628121,690494.397981747,651825.892215,0.01668661202,0,2020.71008934426,2020.72677595628,227600000,SARS2-CoV/Belgium/Human/rega-09231006
4,5,0.00848,675577.730676297,671889.261628121,675197.663380641,673533.28518186,0.00848,0,2020.71008934426,2020.71856934426,227600000,NA
5,2,9.89071027300038e-06,675197.663380641,673533.28518186,675333.576253005,673628.918392156,0.008489890710273,0.00848,2020.71856934426,2020.71857923497,227600000,SARS2-CoV/Belgium/Human/rega-09201063
5,3,0.008206612022,675197.663380641,673533.28518186,681337.284188223,660088.052179923,0.016686612022,0.00848,2020.71856934426,2020.72677595628,227600000,SARS2-CoV/Belgium/Human/rega-09231005
