node1,node2,length,startLat,startLon,endLat,endLon,endNodeL,startNodeL,startYear,endYear,treeID,tipLabel
4,1,0.01668661202,690345.563852152,650713.306911143,690494.397981747,651825.892215,0.01668661202,0,2020.71008934426,2020.72677595628,287600000,SARS2-CoV/Belgium/Human/rega-09231006
4,5,0.00848,690345.563852152,650713.306911143,675322.890504335,673591.283444067,0.00848,0,2020.71008934426,2020.71856934426,287600000,NA
5,2,9.89071027300038e-06,675322.890504335,673591.283444067,675333.576253005,673628.918392156,0.008489890710273,0.00848,2020.71856934426,2020.71857923497,287600000,SARS2-CoV/Belgium/Human/rega-09201063
5,3,0.008206612022,675322.890504335,673591.283444067,681337.284188223,660088.052179923,0.016686612022,0.00848,2020.71856934426,2020.72677595628,287600000,SARS2-CoV/Belgium/Human/rega-09231005
