node1,node2,length,startLat,startLon,endLat,endLon,endNodeL,startNodeL,startYear,endYear,treeID,tipLabel
7,1,0.1203074317,674392.541896114,649724.230296946,673774.370560371,653530.157406336,0.1203074317,0,2020.22941934426,2020.34972677596,253600000,SARS2-CoV/Belgium/Human/rega-0508660
7,8,0.02999,674392.541896114,649724.230296946,674494.010837857,648578.139104029,0.02999,0,2020.22941934426,2020.25940934426,253600000,NA
8,2,0.06572726776,674494.010837857,648578.139104029,677492.086755842,645917.735683293,0.09571726776,0.02999,2020.25940934426,2020.32513661202,253600000,SARS2-CoV/Belgium/Human/rega-0429663
8,9,0.05141,674494.010837857,648578.139104029,680596.671632952,656144.021295136,0.0814,0.02999,2020.25940934426,2020.31081934426,253600000,NA
9,10,0.01206,680596.671632952,656144.021295136,685669.410890008,651610.281731552,0.09346,0.0814,2020.31081934426,2020.32287934426,253600000,NA
9,3,0.01978174863,680596.671632952,656144.021295136,680364.012288857,656500.905640548,0.10118174863,0.0814,2020.31081934426,2020.33060109289,253600000,SARS2-CoV/Belgium/Human/rega-0501634
10,11,0.00225,685669.410890008,651610.281731552,685409.052038888,651439.130544204,0.09571,0.09346,2020.32287934426,2020.32512934426,253600000,NA
10,4,0.00225726776,685669.410890008,651610.281731552,688646.179645939,644248.076387987,0.09571726776,0.09346,2020.32287934426,2020.32513661202,253600000,SARS2-CoV/Belgium/Human/rega-0429662
11,5,7.26775955800507e-06,685409.052038888,651439.130544204,685428.575721788,651439.214032001,0.095717267759558,0.09571,2020.32512934426,2020.32513661202,253600000,SARS2-CoV/Belgium/Human/rega-0429624
11,6,7.26775955800507e-06,685409.052038888,651439.130544204,667698.991107696,706076.227462542,0.095717267759558,0.09571,2020.32512934426,2020.32513661202,253600000,SARS2-CoV/Belgium/Human/rega-0429628
