node1,node2,length,startLat,startLon,endLat,endLon,endNodeL,startNodeL,startYear,endYear,treeID,tipLabel
8,1,0.06879420765,674101.934622523,665538.371415713,674803.992042312,665328.421070124,0.06879420765,0,2020.63065934427,2020.69945355192,353600000,SARS2-CoV/Belgium/Human/rega-0913941
8,9,0.03505,674101.934622523,665538.371415713,674274.140324864,665343.528545621,0.03505,0,2020.63065934427,2020.66570934427,353600000,NA
9,10,0.03570638037,674274.140324864,665343.528545621,674254.415076482,658553.737129873,0.07075638037,0.03505,2020.66570934427,2020.70141572464,353600000,NA
9,11,0.0239,674274.140324864,665343.528545621,669289.27951369,677427.093785062,0.05895,0.03505,2020.66570934427,2020.68960934427,353600000,NA
10,2,0.00623454858899999,674254.415076482,658553.737129873,675979.510613593,658398.003756985,0.076990928959,0.07075638037,2020.70141572464,2020.70765027323,353600000,SARS2-CoV/Belgium/Human/rega-0916961
10,3,0.000770067715100006,674254.415076482,658553.737129873,674253.89666368,658529.024725596,0.0715264480851,0.07075638037,2020.70141572464,2020.70218579235,353600000,SARS2-CoV/Belgium/Human/rega-0914947
11,12,0.0131,669289.27951369,677427.093785062,662371.472448074,690253.790609565,0.07205,0.05895,2020.68960934427,2020.70270934427,353600000,NA
11,4,0.01530868852,669289.27951369,677427.093785062,669303.472674942,677927.370941219,0.07425868852,0.05895,2020.68960934427,2020.70491803279,353600000,SARS2-CoV/Belgium/Human/rega-0915950
12,5,0.01313765027,662371.472448074,690253.790609565,667147.59213228,689578.573480326,0.08518765027,0.07205,2020.70270934427,2020.71584699454,353600000,SARS2-CoV/Belgium/Human/rega-09191059
12,13,0.001895903083,662371.472448074,690253.790609565,662352.540389284,690221.554040232,0.073945903083,0.07205,2020.70270934427,2020.70460524735,353600000,NA
13,6,0.01124174719,662352.540389284,690221.554040232,661692.973645226,691178.335781251,0.085187650273,0.073945903083,2020.70460524735,2020.71584699454,353600000,SARS2-CoV/Belgium/Human/rega-09191058
13,7,0.000312785442000002,662352.540389284,690221.554040232,662336.727396849,690334.779798362,0.074258688525,0.073945903083,2020.70460524735,2020.70491803279,353600000,SARS2-CoV/Belgium/Human/rega-0915955
