node1,node2,length,startLat,startLon,endLat,endLon,endNodeL,startNodeL,startYear,endYear,treeID,tipLabel
8,1,0.06879420765,673099.636884475,664941.724631818,674803.992042312,665328.421070124,0.06879420765,0,2020.63065934427,2020.69945355192,80400000,SARS2-CoV/Belgium/Human/rega-0913941
8,9,0.03505,673099.636884475,664941.724631818,673058.572376296,662864.056496147,0.03505,0,2020.63065934427,2020.66570934427,80400000,NA
9,10,0.03570638037,673058.572376296,662864.056496147,674296.754908661,658513.125086713,0.07075638037,0.03505,2020.66570934427,2020.70141572464,80400000,NA
9,11,0.0239,673058.572376296,662864.056496147,670639.157330052,676707.603214157,0.05895,0.03505,2020.66570934427,2020.68960934427,80400000,NA
10,2,0.00623454858899999,674296.754908661,658513.125086713,675979.510613593,658398.003756985,0.076990928959,0.07075638037,2020.70141572464,2020.70765027323,80400000,SARS2-CoV/Belgium/Human/rega-0916961
10,3,0.000770067715100006,674296.754908661,658513.125086713,674253.89666368,658529.024725596,0.0715264480851,0.07075638037,2020.70141572464,2020.70218579235,80400000,SARS2-CoV/Belgium/Human/rega-0914947
11,12,0.0131,670639.157330052,676707.603214157,662103.874821846,690419.073745518,0.07205,0.05895,2020.68960934427,2020.70270934427,80400000,NA
11,4,0.01530868852,670639.157330052,676707.603214157,669303.472674942,677927.370941219,0.07425868852,0.05895,2020.68960934427,2020.70491803279,80400000,SARS2-CoV/Belgium/Human/rega-0915950
12,5,0.01313765027,662103.874821846,690419.073745518,667147.59213228,689578.573480326,0.08518765027,0.07205,2020.70270934427,2020.71584699454,80400000,SARS2-CoV/Belgium/Human/rega-09191059
12,13,0.001895903083,662103.874821846,690419.073745518,662407.433761533,690286.266754541,0.073945903083,0.07205,2020.70270934427,2020.70460524735,80400000,NA
13,6,0.01124174719,662407.433761533,690286.266754541,661692.973645226,691178.335781251,0.085187650273,0.073945903083,2020.70460524735,2020.71584699454,80400000,SARS2-CoV/Belgium/Human/rega-09191058
13,7,0.000312785442000002,662407.433761533,690286.266754541,662336.727396849,690334.779798362,0.074258688525,0.073945903083,2020.70460524735,2020.70491803279,80400000,SARS2-CoV/Belgium/Human/rega-0915955
