node1,node2,length,startLat,startLon,endLat,endLon,endNodeL,startNodeL,startYear,endYear,treeID,tipLabel
8,1,0.06879420765,670981.38609694,661668.504875987,674803.992042312,665328.421070124,0.06879420765,0,2020.63065934427,2020.69945355192,268000000,SARS2-CoV/Belgium/Human/rega-0913941
8,9,0.03505,670981.38609694,661668.504875987,670560.384921523,661365.029971411,0.03505,0,2020.63065934427,2020.66570934427,268000000,NA
9,10,0.03570638037,670560.384921523,661365.029971411,674603.82740778,658774.683217377,0.07075638037,0.03505,2020.66570934427,2020.70141572464,268000000,NA
9,11,0.0239,670560.384921523,661365.029971411,662207.383401589,690168.109695886,0.05895,0.03505,2020.66570934427,2020.68960934427,268000000,NA
10,2,0.00623454858899999,674603.82740778,658774.683217377,675979.510613593,658398.003756985,0.076990928959,0.07075638037,2020.70141572464,2020.70765027323,268000000,SARS2-CoV/Belgium/Human/rega-0916961
10,3,0.000770067715100006,674603.82740778,658774.683217377,674253.89666368,658529.024725596,0.0715264480851,0.07075638037,2020.70141572464,2020.70218579235,268000000,SARS2-CoV/Belgium/Human/rega-0914947
11,12,0.0131,662207.383401589,690168.109695886,662567.487746175,690524.038133677,0.07205,0.05895,2020.68960934427,2020.70270934427,268000000,NA
11,4,0.01530868852,662207.383401589,690168.109695886,669303.472674942,677927.370941219,0.07425868852,0.05895,2020.68960934427,2020.70491803279,268000000,SARS2-CoV/Belgium/Human/rega-0915950
12,5,0.01313765027,662567.487746175,690524.038133677,667147.59213228,689578.573480326,0.08518765027,0.07205,2020.70270934427,2020.71584699454,268000000,SARS2-CoV/Belgium/Human/rega-09191059
12,13,0.001895903083,662567.487746175,690524.038133677,662472.375079057,690467.894671446,0.073945903083,0.07205,2020.70270934427,2020.70460524735,268000000,NA
13,6,0.01124174719,662472.375079057,690467.894671446,661692.973645226,691178.335781251,0.085187650273,0.073945903083,2020.70460524735,2020.71584699454,268000000,SARS2-CoV/Belgium/Human/rega-09191058
13,7,0.000312785442000002,662472.375079057,690467.894671446,662336.727396849,690334.779798362,0.074258688525,0.073945903083,2020.70460524735,2020.70491803279,268000000,SARS2-CoV/Belgium/Human/rega-0915955
