node1,node2,length,startLat,startLon,endLat,endLon,endNodeL,startNodeL,startYear,endYear,treeID,tipLabel
4,1,0.04634911967,675984.541241238,671078.54799283,674911.000196141,674381.011370635,0.04634911967,0,2020.41813175465,2020.46448087432,60800000,SARS2-CoV/Belgium/Human/rega-0619917
4,5,0.0004375896105,675984.541241238,671078.54799283,675966.531047493,671051.699946719,0.0004375896105,0,2020.41813175465,2020.41856934426,60800000,NA
5,2,0.03771480874,675966.531047493,671051.699946719,687708.185568625,680251.200767863,0.0381523983505,0.0004375896105,2020.41856934426,2020.456284153,60800000,SARS2-CoV/Belgium/Human/rega-0616914
5,3,0.02132136612,675966.531047493,671051.699946719,675033.025780451,672976.815017649,0.0217589557305,0.0004375896105,2020.41856934426,2020.43989071038,60800000,hCoV-19/Belgium/rega-0710751/2020|EPI_ISL_522350|2020-06-10|Europe
