node1,node2,length,startLat,startLon,endLat,endLon,endNodeL,startNodeL,startYear,endYear,treeID,tipLabel
4,1,7.02185792300081e-05,672094.019891463,647223.846192748,672083.709280913,647356.493616335,7.02185792300081e-05,0,2020.26768934426,2020.26775956284,353200000,SARS2-CoV/Belgium/Human/rega-0408689
4,5,0.08194,672094.019891463,647223.846192748,672491.300470451,646650.491249764,0.08194,0,2020.26768934426,2020.34962934426,353200000,NA
5,2,9.74316939199998e-05,672491.300470451,646650.491249764,672630.469247134,646118.874870735,0.08203743169392,0.08194,2020.34962934426,2020.34972677595,353200000,SARS2-CoV/Belgium/Human/rega-0508540
5,3,0.0738679235,672491.300470451,646650.491249764,672732.528612749,646235.090280983,0.1558079235,0.08194,2020.34962934426,2020.42349726776,353200000,SARS2-CoV/Belgium/Human/rega-0604718
