node1,node2,length,startLat,startLon,endLat,endLon,endNodeL,startNodeL,startYear,endYear,treeID,tipLabel
5,1,0.02543557377,673833.140910321,646810.821247499,660480.210071285,613972.04678808,0.02543557377,0,2020.21226934426,2020.23770491803,160800000,hCoV-19/Belgium/LL-0328341/2020|EPI_ISL_462195|2020-03-28|Europe
5,6,0.01892,673833.140910321,646810.821247499,673739.787208587,646352.984419305,0.01892,0,2020.21226934426,2020.23118934426,160800000,NA
6,4,0.05023142077,673739.787208587,646352.984419305,698909.646708977,648979.978000284,0.06915142077,0.01892,2020.23118934426,2020.28142076503,160800000,SARS2-CoV/Belgium/Human/rega-0413578
6,7,0.23874,673739.787208587,646352.984419305,672045.019863908,648740.227192032,0.25766,0.01892,2020.23118934426,2020.46992934426,160800000,NA
7,2,1.60109288400156e-05,672045.019863908,648740.227192032,672033.771299765,648732.819292715,0.25767601092884,0.25766,2020.46992934426,2020.46994535519,160800000,SARS2-CoV/Belgium/Human/rega-0621709
7,3,0.05739306011,672045.019863908,648740.227192032,670892.366898407,650922.448575648,0.31505306011,0.25766,2020.46992934426,2020.52732240437,160800000,SARS2-CoV/Belgium/Human/rega-0712715
