node1,node2,length,startLat,startLon,endLat,endLon,endNodeL,startNodeL,startYear,endYear,treeID,tipLabel
5,1,0.02543557377,671081.93796803,648087.969262094,660480.210071285,613972.04678808,0.02543557377,0,2020.21226934426,2020.23770491803,354000000,hCoV-19/Belgium/LL-0328341/2020|EPI_ISL_462195|2020-03-28|Europe
5,6,0.01892,671081.93796803,648087.969262094,671063.337924686,648106.762341588,0.01892,0,2020.21226934426,2020.23118934426,354000000,NA
6,4,0.05023142077,671063.337924686,648106.762341588,698909.646708977,648979.978000284,0.06915142077,0.01892,2020.23118934426,2020.28142076503,354000000,SARS2-CoV/Belgium/Human/rega-0413578
6,7,0.23874,671063.337924686,648106.762341588,672034.055135058,648731.4979313,0.25766,0.01892,2020.23118934426,2020.46992934426,354000000,NA
7,2,1.60109288400156e-05,672034.055135058,648731.4979313,672033.771299765,648732.819292715,0.25767601092884,0.25766,2020.46992934426,2020.46994535519,354000000,SARS2-CoV/Belgium/Human/rega-0621709
7,3,0.05739306011,672034.055135058,648731.4979313,670892.366898407,650922.448575648,0.31505306011,0.25766,2020.46992934426,2020.52732240437,354000000,SARS2-CoV/Belgium/Human/rega-0712715
