node1,node2,length,startLat,startLon,endLat,endLon,endNodeL,startNodeL,startYear,endYear,treeID,tipLabel
5,1,0.02543557377,661338.688947485,615242.587368404,660480.210071285,613972.04678808,0.02543557377,0,2020.21226934426,2020.23770491803,178800000,hCoV-19/Belgium/LL-0328341/2020|EPI_ISL_462195|2020-03-28|Europe
5,6,0.01892,661338.688947485,615242.587368404,699685.628428613,648557.390630052,0.01892,0,2020.21226934426,2020.23118934426,178800000,NA
6,4,0.05023142077,699685.628428613,648557.390630052,698909.646708977,648979.978000284,0.06915142077,0.01892,2020.23118934426,2020.28142076503,178800000,SARS2-CoV/Belgium/Human/rega-0413578
6,7,0.23874,699685.628428613,648557.390630052,672050.823422595,648740.587155407,0.25766,0.01892,2020.23118934426,2020.46992934426,178800000,NA
7,2,1.60109288400156e-05,672050.823422595,648740.587155407,672033.771299765,648732.819292715,0.25767601092884,0.25766,2020.46992934426,2020.46994535519,178800000,SARS2-CoV/Belgium/Human/rega-0621709
7,3,0.05739306011,672050.823422595,648740.587155407,670892.366898407,650922.448575648,0.31505306011,0.25766,2020.46992934426,2020.52732240437,178800000,SARS2-CoV/Belgium/Human/rega-0712715
