node1,node2,length,startLat,startLon,endLat,endLon,endNodeL,startNodeL,startYear,endYear,treeID,tipLabel
5,1,0.02543557377,660837.574461584,614424.399514671,660480.210071285,613972.04678808,0.02543557377,0,2020.21226934426,2020.23770491803,204400000,hCoV-19/Belgium/LL-0328341/2020|EPI_ISL_462195|2020-03-28|Europe
5,6,0.01892,660837.574461584,614424.399514671,660334.730778146,613736.688525348,0.01892,0,2020.21226934426,2020.23118934426,204400000,NA
6,4,0.05023142077,660334.730778146,613736.688525348,698909.646708977,648979.978000284,0.06915142077,0.01892,2020.23118934426,2020.28142076503,204400000,SARS2-CoV/Belgium/Human/rega-0413578
6,7,0.23874,660334.730778146,613736.688525348,671981.399382418,648666.798983986,0.25766,0.01892,2020.23118934426,2020.46992934426,204400000,NA
7,2,1.60109288400156e-05,671981.399382418,648666.798983986,672033.771299765,648732.819292715,0.25767601092884,0.25766,2020.46992934426,2020.46994535519,204400000,SARS2-CoV/Belgium/Human/rega-0621709
7,3,0.05739306011,671981.399382418,648666.798983986,670892.366898407,650922.448575648,0.31505306011,0.25766,2020.46992934426,2020.52732240437,204400000,SARS2-CoV/Belgium/Human/rega-0712715
