node1,node2,length,startLat,startLon,endLat,endLon,endNodeL,startNodeL,startYear,endYear,treeID,tipLabel
4,1,0.01668661202,677033.353060047,668848.840959859,690494.397981747,651825.892215,0.01668661202,0,2020.71008934426,2020.72677595628,86400000,SARS2-CoV/Belgium/Human/rega-09231006
4,5,0.00848,677033.353060047,668848.840959859,675405.066972121,673212.468090355,0.00848,0,2020.71008934426,2020.71856934426,86400000,NA
5,2,9.89071027300038e-06,675405.066972121,673212.468090355,675333.576253005,673628.918392156,0.008489890710273,0.00848,2020.71856934426,2020.71857923497,86400000,SARS2-CoV/Belgium/Human/rega-09201063
5,3,0.008206612022,675405.066972121,673212.468090355,681337.284188223,660088.052179923,0.016686612022,0.00848,2020.71856934426,2020.72677595628,86400000,SARS2-CoV/Belgium/Human/rega-09231005
