node1,node2,length,startLat,startLon,endLat,endLon,endNodeL,startNodeL,startYear,endYear,treeID,tipLabel
4,1,0.01668661202,685148.335555916,655359.40340407,690494.397981747,651825.892215,0.01668661202,0,2020.71008934426,2020.72677595628,270000000,SARS2-CoV/Belgium/Human/rega-09231006
4,5,0.00848,685148.335555916,655359.40340407,675323.410803832,673625.731756053,0.00848,0,2020.71008934426,2020.71856934426,270000000,NA
5,2,9.89071027300038e-06,675323.410803832,673625.731756053,675333.576253005,673628.918392156,0.008489890710273,0.00848,2020.71856934426,2020.71857923497,270000000,SARS2-CoV/Belgium/Human/rega-09201063
5,3,0.008206612022,675323.410803832,673625.731756053,681337.284188223,660088.052179923,0.016686612022,0.00848,2020.71856934426,2020.72677595628,270000000,SARS2-CoV/Belgium/Human/rega-09231005
