node1,node2,length,startLat,startLon,endLat,endLon,endNodeL,startNodeL,startYear,endYear,treeID,tipLabel
4,1,0.01668661202,680997.52176958,670044.910832102,690494.397981747,651825.892215,0.01668661202,0,2020.71008934426,2020.72677595628,382400000,SARS2-CoV/Belgium/Human/rega-09231006
4,5,0.00848,680997.52176958,670044.910832102,675332.084017458,673609.753360124,0.00848,0,2020.71008934426,2020.71856934426,382400000,NA
5,2,9.89071027300038e-06,675332.084017458,673609.753360124,675333.576253005,673628.918392156,0.008489890710273,0.00848,2020.71856934426,2020.71857923497,382400000,SARS2-CoV/Belgium/Human/rega-09201063
5,3,0.008206612022,675332.084017458,673609.753360124,681337.284188223,660088.052179923,0.016686612022,0.00848,2020.71856934426,2020.72677595628,382400000,SARS2-CoV/Belgium/Human/rega-09231005
