node1,node2,length,startLat,startLon,endLat,endLon,endNodeL,startNodeL,startYear,endYear,treeID,tipLabel
4,1,0.01668661202,687557.994405141,651920.602155106,690494.397981747,651825.892215,0.01668661202,0,2020.71008934426,2020.72677595628,122800000,SARS2-CoV/Belgium/Human/rega-09231006
4,5,0.00848,687557.994405141,651920.602155106,675323.821616534,673608.735082812,0.00848,0,2020.71008934426,2020.71856934426,122800000,NA
5,2,9.89071027300038e-06,675323.821616534,673608.735082812,675333.576253005,673628.918392156,0.008489890710273,0.00848,2020.71856934426,2020.71857923497,122800000,SARS2-CoV/Belgium/Human/rega-09201063
5,3,0.008206612022,675323.821616534,673608.735082812,681337.284188223,660088.052179923,0.016686612022,0.00848,2020.71856934426,2020.72677595628,122800000,SARS2-CoV/Belgium/Human/rega-09231005
