node1,node2,length,startLat,startLon,endLat,endLon,endNodeL,startNodeL,startYear,endYear,treeID,tipLabel
4,1,0.01668661202,690143.875230527,651708.143676472,690494.397981747,651825.892215,0.01668661202,0,2020.71008934426,2020.72677595628,409200000,SARS2-CoV/Belgium/Human/rega-09231006
4,5,0.00848,690143.875230527,651708.143676472,681582.935499985,660529.360334582,0.00848,0,2020.71008934426,2020.71856934426,409200000,NA
5,2,9.89071027300038e-06,681582.935499985,660529.360334582,675333.576253005,673628.918392156,0.008489890710273,0.00848,2020.71856934426,2020.71857923497,409200000,SARS2-CoV/Belgium/Human/rega-09201063
5,3,0.008206612022,681582.935499985,660529.360334582,681337.284188223,660088.052179923,0.016686612022,0.00848,2020.71856934426,2020.72677595628,409200000,SARS2-CoV/Belgium/Human/rega-09231005
