node1,node2,length,startLat,startLon,endLat,endLon,endNodeL,startNodeL,startYear,endYear,treeID,tipLabel
4,1,0.01668661202,676405.338861211,672569.675074797,690494.397981747,651825.892215,0.01668661202,0,2020.71008934426,2020.72677595628,430400000,SARS2-CoV/Belgium/Human/rega-09231006
4,5,0.00848,676405.338861211,672569.675074797,675638.829239424,671264.232759942,0.00848,0,2020.71008934426,2020.71856934426,430400000,NA
5,2,9.89071027300038e-06,675638.829239424,671264.232759942,675333.576253005,673628.918392156,0.008489890710273,0.00848,2020.71856934426,2020.71857923497,430400000,SARS2-CoV/Belgium/Human/rega-09201063
5,3,0.008206612022,675638.829239424,671264.232759942,681337.284188223,660088.052179923,0.016686612022,0.00848,2020.71856934426,2020.72677595628,430400000,SARS2-CoV/Belgium/Human/rega-09231005
