node1,node2,length,startLat,startLon,endLat,endLon,endNodeL,startNodeL,startYear,endYear,treeID,tipLabel
4,1,0.01668661202,690735.182483122,652054.523576498,690494.397981747,651825.892215,0.01668661202,0,2020.71008934426,2020.72677595628,174800000,SARS2-CoV/Belgium/Human/rega-09231006
4,5,0.00848,690735.182483122,652054.523576498,675382.673038176,673644.088352674,0.00848,0,2020.71008934426,2020.71856934426,174800000,NA
5,2,9.89071027300038e-06,675382.673038176,673644.088352674,675333.576253005,673628.918392156,0.008489890710273,0.00848,2020.71856934426,2020.71857923497,174800000,SARS2-CoV/Belgium/Human/rega-09201063
5,3,0.008206612022,675382.673038176,673644.088352674,681337.284188223,660088.052179923,0.016686612022,0.00848,2020.71856934426,2020.72677595628,174800000,SARS2-CoV/Belgium/Human/rega-09231005
