node1,node2,length,startLat,startLon,endLat,endLon,endNodeL,startNodeL,startYear,endYear,treeID,tipLabel
8,1,0.02735437158,669499.829571438,692811.901594303,669195.139388195,692549.460745613,0.02735437158,0,2020.69668934426,2020.72404371585,103200000,SARS2-CoV/Belgium/Human/rega-09221024
8,9,0.01095,669499.829571438,692811.901594303,668190.45904637,692746.347846302,0.01095,0,2020.69668934426,2020.70763934427,103200000,NA
9,2,1.09289617700042e-05,668190.45904637,692746.347846302,668168.461323378,692719.281858317,0.01096092896177,0.01095,2020.70763934427,2020.70765027323,103200000,SARS2-CoV/Belgium/Human/rega-0916959
9,10,0.00156,668190.45904637,692746.347846302,668998.684607671,687095.170768676,0.01251,0.01095,2020.70763934427,2020.70919934427,103200000,NA
10,11,0.0011,668998.684607671,687095.170768676,668691.13298427,686965.125583405,0.01361,0.01251,2020.70919934427,2020.71029934426,103200000,NA
10,12,0.01241,668998.684607671,687095.170768676,667946.744576003,685940.906362039,0.02492,0.01251,2020.70919934427,2020.72160934427,103200000,NA
11,3,0.002815409836,668691.13298427,686965.125583405,685513.945897369,663716.786596849,0.016425409836,0.01361,2020.71029934426,2020.7131147541,103200000,SARS2-CoV/Belgium/Human/rega-09181051
11,4,0.002815409836,668691.13298427,686965.125583405,669254.975927914,687495.608964647,0.016425409836,0.01361,2020.71029934426,2020.7131147541,103200000,SARS2-CoV/Belgium/Human/rega-09181049
12,7,0.002434371585,667946.744576003,685940.906362039,667455.689203162,692878.641525089,0.027354371585,0.02492,2020.72160934427,2020.72404371585,103200000,SARS2-CoV/Belgium/Human/rega-09221013
12,13,0.00242,667946.744576003,685940.906362039,668046.66862095,686116.564481102,0.02734,0.02492,2020.72160934427,2020.72402934427,103200000,NA
13,6,1.4371584750001e-05,668046.66862095,686116.564481102,663025.570765164,690205.809430159,0.02735437158475,0.02734,2020.72402934427,2020.72404371585,103200000,SARS2-CoV/Belgium/Human/rega-09221019
13,5,1.4371584750001e-05,668046.66862095,686116.564481102,668145.168729205,686194.520528651,0.02735437158475,0.02734,2020.72402934427,2020.72404371585,103200000,SARS2-CoV/Belgium/Human/rega-09221017
