node1,node2,length,startLat,startLon,endLat,endLon,endNodeL,startNodeL,startYear,endYear,treeID,tipLabel
5,6,0.01124077133,675598.5629405,658117.287139545,673464.471627124,656615.075239317,0.01124077133,0,2020.69366857293,2020.70490934426,303600000,NA
5,7,0.000310771325899999,675598.5629405,658117.287139545,675446.585405349,657860.186666662,0.000310771325899999,0,2020.69366857293,2020.69397934426,303600000,NA
6,1,8.68852464199973e-06,673464.471627124,656615.075239317,713461.10395493,695046.690957459,0.011249459854642,0.01124077133,2020.70490934426,2020.70491803279,303600000,SARS2-CoV/Belgium/Human/rega-0915954
6,2,0.005473169399,673464.471627124,656615.075239317,672292.974856462,655789.545355297,0.016713940729,0.01124077133,2020.70490934426,2020.71038251366,303600000,SARS2-CoV/Belgium/Human/rega-0917993
7,3,9.72677591000101e-06,675446.585405349,657860.186666662,675246.307159679,660299.917756209,0.00032049810181,0.000310771325899999,2020.69397934426,2020.69398907103,303600000,SARS2-CoV/Belgium/Human/rega-0911939
7,4,9.72677591000101e-06,675446.585405349,657860.186666662,675436.327167066,657834.257619965,0.00032049810181,0.000310771325899999,2020.69397934426,2020.69398907103,303600000,SARS2-CoV/Belgium/Human/rega-0911936
