node1,node2,length,startLat,startLon,endLat,endLon,endNodeL,startNodeL,startYear,endYear,treeID,tipLabel
5,6,0.01124077133,675631.813494483,659968.296745894,675548.500091278,661138.650295763,0.01124077133,0,2020.69366857293,2020.70490934426,229200000,NA
5,7,0.000310771325899999,675631.813494483,659968.296745894,675224.519499481,660258.465853928,0.000310771325899999,0,2020.69366857293,2020.69397934426,229200000,NA
6,1,8.68852464199973e-06,675548.500091278,661138.650295763,713461.10395493,695046.690957459,0.011249459854642,0.01124077133,2020.70490934426,2020.70491803279,229200000,SARS2-CoV/Belgium/Human/rega-0915954
6,2,0.005473169399,675548.500091278,661138.650295763,672292.974856462,655789.545355297,0.016713940729,0.01124077133,2020.70490934426,2020.71038251366,229200000,SARS2-CoV/Belgium/Human/rega-0917993
7,3,9.72677591000101e-06,675224.519499481,660258.465853928,675246.307159679,660299.917756209,0.00032049810181,0.000310771325899999,2020.69397934426,2020.69398907103,229200000,SARS2-CoV/Belgium/Human/rega-0911939
7,4,9.72677591000101e-06,675224.519499481,660258.465853928,675436.327167066,657834.257619965,0.00032049810181,0.000310771325899999,2020.69397934426,2020.69398907103,229200000,SARS2-CoV/Belgium/Human/rega-0911936
