node1,node2,length,startLat,startLon,endLat,endLon,endNodeL,startNodeL,startYear,endYear,treeID,tipLabel
5,6,0.01124077133,674296.123278852,660266.150308987,670486.748152438,658073.934245173,0.01124077133,0,2020.69366857293,2020.70490934426,391600000,NA
5,7,0.000310771325899999,674296.123278852,660266.150308987,675423.677541562,660147.713076406,0.000310771325899999,0,2020.69366857293,2020.69397934426,391600000,NA
6,1,8.68852464199973e-06,670486.748152438,658073.934245173,713461.10395493,695046.690957459,0.011249459854642,0.01124077133,2020.70490934426,2020.70491803279,391600000,SARS2-CoV/Belgium/Human/rega-0915954
6,2,0.005473169399,670486.748152438,658073.934245173,672292.974856462,655789.545355297,0.016713940729,0.01124077133,2020.70490934426,2020.71038251366,391600000,SARS2-CoV/Belgium/Human/rega-0917993
7,3,9.72677591000101e-06,675423.677541562,660147.713076406,675246.307159679,660299.917756209,0.00032049810181,0.000310771325899999,2020.69397934426,2020.69398907103,391600000,SARS2-CoV/Belgium/Human/rega-0911939
7,4,9.72677591000101e-06,675423.677541562,660147.713076406,675436.327167066,657834.257619965,0.00032049810181,0.000310771325899999,2020.69397934426,2020.69398907103,391600000,SARS2-CoV/Belgium/Human/rega-0911936
