node1,node2,length,startLat,startLon,endLat,endLon,endNodeL,startNodeL,startYear,endYear,treeID,tipLabel
6,7,0.01991,694769.230375793,716590.460184537,695629.297738557,718300.907895605,0.01991,0,2020.24503934427,2020.26494934427,401600000,NA
6,8,0.05949,694769.230375793,716590.460184537,694110.726007701,716487.898425892,0.05949,0,2020.24503934427,2020.30452934427,401600000,NA
7,1,0.05199054645,695629.297738557,718300.907895605,697424.261007372,716026.713766683,0.07190054645,0.01991,2020.26494934427,2020.31693989072,401600000,SARS2-CoV/Belgium/Human/rega-0426606
7,2,0.07384846995,695629.297738557,718300.907895605,697297.033498882,708611.476048081,0.09375846995,0.01991,2020.26494934427,2020.33879781422,401600000,hCoV-19/Belgium/rega-0504484/2020|EPI_ISL_477000|2020-05-04|Europe
8,3,0.01514278689,694110.726007701,716487.898425892,693923.153474335,716937.620125359,0.07463278689,0.05949,2020.30452934427,2020.31967213116,401600000,SARS2-CoV/Belgium/Human/rega-0427612
8,9,0.01785,694110.726007701,716487.898425892,691958.057493525,724010.217733054,0.07734,0.05949,2020.30452934427,2020.32237934427,401600000,NA
9,4,0.02734743169,691958.057493525,724010.217733054,691247.693683055,722346.052264279,0.10468743169,0.07734,2020.32237934427,2020.34972677596,401600000,SARS2-CoV/Belgium/Human/rega-0508647
9,5,0.00275726776,691958.057493525,724010.217733054,697217.634198115,704294.856088326,0.08009726776,0.07734,2020.32237934427,2020.32513661203,401600000,SARS2-CoV/Belgium/Human/rega-0429622
