node1,node2,length,startLat,startLon,endLat,endLon,endNodeL,startNodeL,startYear,endYear,treeID,tipLabel
6,7,0.01991,691311.554195595,720302.121308967,698050.737841609,712362.285014146,0.01991,0,2020.24503934427,2020.26494934427,123200000,NA
6,8,0.05949,691311.554195595,720302.121308967,693522.703679899,719999.273182339,0.05949,0,2020.24503934427,2020.30452934427,123200000,NA
7,1,0.05199054645,698050.737841609,712362.285014146,697424.261007372,716026.713766683,0.07190054645,0.01991,2020.26494934427,2020.31693989072,123200000,SARS2-CoV/Belgium/Human/rega-0426606
7,2,0.07384846995,698050.737841609,712362.285014146,697297.033498882,708611.476048081,0.09375846995,0.01991,2020.26494934427,2020.33879781422,123200000,hCoV-19/Belgium/rega-0504484/2020|EPI_ISL_477000|2020-05-04|Europe
8,3,0.01514278689,693522.703679899,719999.273182339,693923.153474335,716937.620125359,0.07463278689,0.05949,2020.30452934427,2020.31967213116,123200000,SARS2-CoV/Belgium/Human/rega-0427612
8,9,0.01785,693522.703679899,719999.273182339,693240.322284089,720085.160265044,0.07734,0.05949,2020.30452934427,2020.32237934427,123200000,NA
9,4,0.02734743169,693240.322284089,720085.160265044,691247.693683055,722346.052264279,0.10468743169,0.07734,2020.32237934427,2020.34972677596,123200000,SARS2-CoV/Belgium/Human/rega-0508647
9,5,0.00275726776,693240.322284089,720085.160265044,697217.634198115,704294.856088326,0.08009726776,0.07734,2020.32237934427,2020.32513661203,123200000,SARS2-CoV/Belgium/Human/rega-0429622
