node1,node2,length,startLat,startLon,endLat,endLon,endNodeL,startNodeL,startYear,endYear,treeID,tipLabel
6,7,0.01991,697739.789435597,717418.334790292,697839.561912676,717468.463570051,0.01991,0,2020.24503934427,2020.26494934427,54000000,NA
6,8,0.05949,697739.789435597,717418.334790292,695519.747592606,717855.440161009,0.05949,0,2020.24503934427,2020.30452934427,54000000,NA
7,1,0.05199054645,697839.561912676,717468.463570051,697424.261007372,716026.713766683,0.07190054645,0.01991,2020.26494934427,2020.31693989072,54000000,SARS2-CoV/Belgium/Human/rega-0426606
7,2,0.07384846995,697839.561912676,717468.463570051,697297.033498882,708611.476048081,0.09375846995,0.01991,2020.26494934427,2020.33879781422,54000000,hCoV-19/Belgium/rega-0504484/2020|EPI_ISL_477000|2020-05-04|Europe
8,3,0.01514278689,695519.747592606,717855.440161009,693923.153474335,716937.620125359,0.07463278689,0.05949,2020.30452934427,2020.31967213116,54000000,SARS2-CoV/Belgium/Human/rega-0427612
8,9,0.01785,695519.747592606,717855.440161009,696818.957110859,703745.33574839,0.07734,0.05949,2020.30452934427,2020.32237934427,54000000,NA
9,4,0.02734743169,696818.957110859,703745.33574839,691247.693683055,722346.052264279,0.10468743169,0.07734,2020.32237934427,2020.34972677596,54000000,SARS2-CoV/Belgium/Human/rega-0508647
9,5,0.00275726776,696818.957110859,703745.33574839,697217.634198115,704294.856088326,0.08009726776,0.07734,2020.32237934427,2020.32513661203,54000000,SARS2-CoV/Belgium/Human/rega-0429622
