node1,node2,length,startLat,startLon,endLat,endLon,endNodeL,startNodeL,startYear,endYear,treeID,tipLabel
6,7,0.01991,694647.704034832,717317.184249084,696669.589372123,714951.951115615,0.01991,0,2020.24503934427,2020.26494934427,442000000,NA
6,8,0.05949,694647.704034832,717317.184249084,694065.121369482,716955.282594412,0.05949,0,2020.24503934427,2020.30452934427,442000000,NA
7,1,0.05199054645,696669.589372123,714951.951115615,697424.261007372,716026.713766683,0.07190054645,0.01991,2020.26494934427,2020.31693989072,442000000,SARS2-CoV/Belgium/Human/rega-0426606
7,2,0.07384846995,696669.589372123,714951.951115615,697297.033498882,708611.476048081,0.09375846995,0.01991,2020.26494934427,2020.33879781422,442000000,hCoV-19/Belgium/rega-0504484/2020|EPI_ISL_477000|2020-05-04|Europe
8,3,0.01514278689,694065.121369482,716955.282594412,693923.153474335,716937.620125359,0.07463278689,0.05949,2020.30452934427,2020.31967213116,442000000,SARS2-CoV/Belgium/Human/rega-0427612
8,9,0.01785,694065.121369482,716955.282594412,693474.923950239,718302.859962039,0.07734,0.05949,2020.30452934427,2020.32237934427,442000000,NA
9,4,0.02734743169,693474.923950239,718302.859962039,691247.693683055,722346.052264279,0.10468743169,0.07734,2020.32237934427,2020.34972677596,442000000,SARS2-CoV/Belgium/Human/rega-0508647
9,5,0.00275726776,693474.923950239,718302.859962039,697217.634198115,704294.856088326,0.08009726776,0.07734,2020.32237934427,2020.32513661203,442000000,SARS2-CoV/Belgium/Human/rega-0429622
