node1,node2,length,startLat,startLon,endLat,endLon,endNodeL,startNodeL,startYear,endYear,treeID,tipLabel
6,7,0.01991,697604.826321941,707566.318327782,697593.058955142,707835.804712461,0.01991,0,2020.24503934427,2020.26494934427,183600000,NA
6,8,0.05949,697604.826321941,707566.318327782,695866.121847877,705055.536133896,0.05949,0,2020.24503934427,2020.30452934427,183600000,NA
7,1,0.05199054645,697593.058955142,707835.804712461,697424.261007372,716026.713766683,0.07190054645,0.01991,2020.26494934427,2020.31693989072,183600000,SARS2-CoV/Belgium/Human/rega-0426606
7,2,0.07384846995,697593.058955142,707835.804712461,697297.033498882,708611.476048081,0.09375846995,0.01991,2020.26494934427,2020.33879781422,183600000,hCoV-19/Belgium/rega-0504484/2020|EPI_ISL_477000|2020-05-04|Europe
8,3,0.01514278689,695866.121847877,705055.536133896,693923.153474335,716937.620125359,0.07463278689,0.05949,2020.30452934427,2020.31967213116,183600000,SARS2-CoV/Belgium/Human/rega-0427612
8,9,0.01785,695866.121847877,705055.536133896,697456.424544894,705053.499184145,0.07734,0.05949,2020.30452934427,2020.32237934427,183600000,NA
9,4,0.02734743169,697456.424544894,705053.499184145,691247.693683055,722346.052264279,0.10468743169,0.07734,2020.32237934427,2020.34972677596,183600000,SARS2-CoV/Belgium/Human/rega-0508647
9,5,0.00275726776,697456.424544894,705053.499184145,697217.634198115,704294.856088326,0.08009726776,0.07734,2020.32237934427,2020.32513661203,183600000,SARS2-CoV/Belgium/Human/rega-0429622
