node1,node2,length,startLat,startLon,endLat,endLon,endNodeL,startNodeL,startYear,endYear,treeID,tipLabel
5,1,0.02543557377,661659.444630543,611684.718558792,660480.210071285,613972.04678808,0.02543557377,0,2020.21226934426,2020.23770491803,185600000,hCoV-19/Belgium/LL-0328341/2020|EPI_ISL_462195|2020-03-28|Europe
5,6,0.01892,661659.444630543,611684.718558792,670271.852697226,651398.098542717,0.01892,0,2020.21226934426,2020.23118934426,185600000,NA
6,4,0.05023142077,670271.852697226,651398.098542717,698909.646708977,648979.978000284,0.06915142077,0.01892,2020.23118934426,2020.28142076503,185600000,SARS2-CoV/Belgium/Human/rega-0413578
6,7,0.23874,670271.852697226,651398.098542717,672030.520411818,648735.036158568,0.25766,0.01892,2020.23118934426,2020.46992934426,185600000,NA
7,2,1.60109288400156e-05,672030.520411818,648735.036158568,672033.771299765,648732.819292715,0.25767601092884,0.25766,2020.46992934426,2020.46994535519,185600000,SARS2-CoV/Belgium/Human/rega-0621709
7,3,0.05739306011,672030.520411818,648735.036158568,670892.366898407,650922.448575648,0.31505306011,0.25766,2020.46992934426,2020.52732240437,185600000,SARS2-CoV/Belgium/Human/rega-0712715
