node1,node2,length,startLat,startLon,endLat,endLon,endNodeL,startNodeL,startYear,endYear,treeID,tipLabel
8,1,0.06879420765,675070.787635277,663794.324060953,674803.992042312,665328.421070124,0.06879420765,0,2020.63065934427,2020.69945355192,272800000,SARS2-CoV/Belgium/Human/rega-0913941
8,9,0.03505,675070.787635277,663794.324060953,675540.277886886,663522.764338745,0.03505,0,2020.63065934427,2020.66570934427,272800000,NA
9,10,0.03570638037,675540.277886886,663522.764338745,675750.69656997,658681.460818714,0.07075638037,0.03505,2020.66570934427,2020.70141572464,272800000,NA
9,11,0.0239,675540.277886886,663522.764338745,670158.627742355,677676.228611549,0.05895,0.03505,2020.66570934427,2020.68960934427,272800000,NA
10,2,0.00623454858899999,675750.69656997,658681.460818714,675979.510613593,658398.003756985,0.076990928959,0.07075638037,2020.70141572464,2020.70765027323,272800000,SARS2-CoV/Belgium/Human/rega-0916961
10,3,0.000770067715100006,675750.69656997,658681.460818714,674253.89666368,658529.024725596,0.0715264480851,0.07075638037,2020.70141572464,2020.70218579235,272800000,SARS2-CoV/Belgium/Human/rega-0914947
11,12,0.0131,670158.627742355,677676.228611549,666962.537528137,688942.248032791,0.07205,0.05895,2020.68960934427,2020.70270934427,272800000,NA
11,4,0.01530868852,670158.627742355,677676.228611549,669303.472674942,677927.370941219,0.07425868852,0.05895,2020.68960934427,2020.70491803279,272800000,SARS2-CoV/Belgium/Human/rega-0915950
12,5,0.01313765027,666962.537528137,688942.248032791,667147.59213228,689578.573480326,0.08518765027,0.07205,2020.70270934427,2020.71584699454,272800000,SARS2-CoV/Belgium/Human/rega-09191059
12,13,0.001895903083,666962.537528137,688942.248032791,661547.314731597,689764.152951105,0.073945903083,0.07205,2020.70270934427,2020.70460524735,272800000,NA
13,6,0.01124174719,661547.314731597,689764.152951105,661692.973645226,691178.335781251,0.085187650273,0.073945903083,2020.70460524735,2020.71584699454,272800000,SARS2-CoV/Belgium/Human/rega-09191058
13,7,0.000312785442000002,661547.314731597,689764.152951105,662336.727396849,690334.779798362,0.074258688525,0.073945903083,2020.70460524735,2020.70491803279,272800000,SARS2-CoV/Belgium/Human/rega-0915955
