node1,node2,length,startLat,startLon,endLat,endLon,endNodeL,startNodeL,startYear,endYear,treeID,tipLabel
8,1,0.06879420765,676765.524680478,660867.179598548,674803.992042312,665328.421070124,0.06879420765,0,2020.63065934427,2020.69945355192,205200000,SARS2-CoV/Belgium/Human/rega-0913941
8,9,0.03505,676765.524680478,660867.179598548,676620.690814472,660674.91647413,0.03505,0,2020.63065934427,2020.66570934427,205200000,NA
9,10,0.03570638037,676620.690814472,660674.91647413,674161.452466153,658560.12507589,0.07075638037,0.03505,2020.66570934427,2020.70141572464,205200000,NA
9,11,0.0239,676620.690814472,660674.91647413,666913.745392153,689902.934959081,0.05895,0.03505,2020.66570934427,2020.68960934427,205200000,NA
10,2,0.00623454858899999,674161.452466153,658560.12507589,675979.510613593,658398.003756985,0.076990928959,0.07075638037,2020.70141572464,2020.70765027323,205200000,SARS2-CoV/Belgium/Human/rega-0916961
10,3,0.000770067715100006,674161.452466153,658560.12507589,674253.89666368,658529.024725596,0.0715264480851,0.07075638037,2020.70141572464,2020.70218579235,205200000,SARS2-CoV/Belgium/Human/rega-0914947
11,12,0.0131,666913.745392153,689902.934959081,666858.847212655,689260.660126422,0.07205,0.05895,2020.68960934427,2020.70270934427,205200000,NA
11,4,0.01530868852,666913.745392153,689902.934959081,669303.472674942,677927.370941219,0.07425868852,0.05895,2020.68960934427,2020.70491803279,205200000,SARS2-CoV/Belgium/Human/rega-0915950
12,5,0.01313765027,666858.847212655,689260.660126422,667147.59213228,689578.573480326,0.08518765027,0.07205,2020.70270934427,2020.71584699454,205200000,SARS2-CoV/Belgium/Human/rega-09191059
12,13,0.001895903083,666858.847212655,689260.660126422,662344.471049402,690338.948772161,0.073945903083,0.07205,2020.70270934427,2020.70460524735,205200000,NA
13,6,0.01124174719,662344.471049402,690338.948772161,661692.973645226,691178.335781251,0.085187650273,0.073945903083,2020.70460524735,2020.71584699454,205200000,SARS2-CoV/Belgium/Human/rega-09191058
13,7,0.000312785442000002,662344.471049402,690338.948772161,662336.727396849,690334.779798362,0.074258688525,0.073945903083,2020.70460524735,2020.70491803279,205200000,SARS2-CoV/Belgium/Human/rega-0915955
