node1,node2,length,startLat,startLon,endLat,endLon,endNodeL,startNodeL,startYear,endYear,treeID,tipLabel
8,1,0.06879420765,672327.482996666,659702.970585778,674803.992042312,665328.421070124,0.06879420765,0,2020.63065934427,2020.69945355192,54400000,SARS2-CoV/Belgium/Human/rega-0913941
8,9,0.03505,672327.482996666,659702.970585778,673609.43459822,661486.68937604,0.03505,0,2020.63065934427,2020.66570934427,54400000,NA
9,10,0.03570638037,673609.43459822,661486.68937604,675914.579251959,658619.211612713,0.07075638037,0.03505,2020.66570934427,2020.70141572464,54400000,NA
9,11,0.0239,673609.43459822,661486.68937604,669373.317770704,677874.119202896,0.05895,0.03505,2020.66570934427,2020.68960934427,54400000,NA
10,2,0.00623454858899999,675914.579251959,658619.211612713,675979.510613593,658398.003756985,0.076990928959,0.07075638037,2020.70141572464,2020.70765027323,54400000,SARS2-CoV/Belgium/Human/rega-0916961
10,3,0.000770067715100006,675914.579251959,658619.211612713,674253.89666368,658529.024725596,0.0715264480851,0.07075638037,2020.70141572464,2020.70218579235,54400000,SARS2-CoV/Belgium/Human/rega-0914947
11,12,0.0131,669373.317770704,677874.119202896,662515.416085921,690552.133267551,0.07205,0.05895,2020.68960934427,2020.70270934427,54400000,NA
11,4,0.01530868852,669373.317770704,677874.119202896,669303.472674942,677927.370941219,0.07425868852,0.05895,2020.68960934427,2020.70491803279,54400000,SARS2-CoV/Belgium/Human/rega-0915950
12,5,0.01313765027,662515.416085921,690552.133267551,667147.59213228,689578.573480326,0.08518765027,0.07205,2020.70270934427,2020.71584699454,54400000,SARS2-CoV/Belgium/Human/rega-09191059
12,13,0.001895903083,662515.416085921,690552.133267551,662305.605836539,690315.470065479,0.073945903083,0.07205,2020.70270934427,2020.70460524735,54400000,NA
13,6,0.01124174719,662305.605836539,690315.470065479,661692.973645226,691178.335781251,0.085187650273,0.073945903083,2020.70460524735,2020.71584699454,54400000,SARS2-CoV/Belgium/Human/rega-09191058
13,7,0.000312785442000002,662305.605836539,690315.470065479,662336.727396849,690334.779798362,0.074258688525,0.073945903083,2020.70460524735,2020.70491803279,54400000,SARS2-CoV/Belgium/Human/rega-0915955
