node1,node2,length,startLat,startLon,endLat,endLon,endNodeL,startNodeL,startYear,endYear,treeID,tipLabel
4,1,0.1026385212,676309.668026208,671872.951754796,675533.952938266,671604.497720343,0.1026385212,0,2020.43834508536,2020.54098360656,66000000,SARS2-CoV/Belgium/Human/rega-0717699
4,5,0.02886425893,676309.668026208,671872.951754796,708690.476882105,652799.92757409,0.02886425893,0,2020.43834508536,2020.46720934429,66000000,NA
5,2,3.77049171000621e-06,708690.476882105,652799.92757409,708894.188132956,650202.88139606,0.02886802942171,0.02886425893,2020.46720934429,2020.46721311478,66000000,SARS2-CoV/Belgium/Human/rega-0620850
5,3,3.77049171000621e-06,708690.476882105,652799.92757409,708702.921725773,652789.501945574,0.02886802942171,0.02886425893,2020.46720934429,2020.46721311478,66000000,SARS2-CoV/Belgium/Human/rega-0620851
