node1,node2,length,startLat,startLon,endLat,endLon,endNodeL,startNodeL,startYear,endYear,treeID,tipLabel
4,1,0.01152546448,710530.944694467,652874.088582723,709940.540617872,652776.114151261,0.01152546448,0,2020.54311934426,2020.55464480874,206400000,SARS2-CoV/Belgium/Human/rega-0722802
4,5,0.00537,710530.944694467,652874.088582723,711555.147334178,653265.222399276,0.00537,0,2020.54311934426,2020.54848934426,206400000,NA
5,2,0.01435218579,711555.147334178,653265.222399276,650761.07083198,628814.650713029,0.01972218579,0.00537,2020.54848934426,2020.56284153005,206400000,hCoV-19/Belgium/ULG-10286/2020|EPI_ISL_540453|2020-07-25|Europe
5,3,0.006155464481,711555.147334178,653265.222399276,711766.050644442,653257.332173062,0.011525464481,0.00537,2020.54848934426,2020.55464480874,206400000,SARS2-CoV/Belgium/Human/rega-0722829
