node1,node2,length,startLat,startLon,endLat,endLon,endNodeL,startNodeL,startYear,endYear,treeID,tipLabel
4,1,0.01152546448,710115.42702388,652713.387540861,709940.540617872,652776.114151261,0.01152546448,0,2020.54311934426,2020.55464480874,209600000,SARS2-CoV/Belgium/Human/rega-0722802
4,5,0.00537,710115.42702388,652713.387540861,710472.244886041,652881.542861354,0.00537,0,2020.54311934426,2020.54848934426,209600000,NA
5,2,0.01435218579,710472.244886041,652881.542861354,650761.07083198,628814.650713029,0.01972218579,0.00537,2020.54848934426,2020.56284153005,209600000,hCoV-19/Belgium/ULG-10286/2020|EPI_ISL_540453|2020-07-25|Europe
5,3,0.006155464481,710472.244886041,652881.542861354,711766.050644442,653257.332173062,0.011525464481,0.00537,2020.54848934426,2020.55464480874,209600000,SARS2-CoV/Belgium/Human/rega-0722829
