node1,node2,length,startLat,startLon,endLat,endLon,endNodeL,startNodeL,startYear,endYear,treeID,tipLabel
5,1,0.01669437158,671268.856204245,669233.466868516,672083.586745935,668417.538015534,0.01669437158,0,2020.70734934427,2020.72404371585,146000000,SARS2-CoV/Belgium/Human/rega-09221022
5,6,0.01426,671268.856204245,669233.466868516,670753.715614162,668829.753764792,0.01426,0,2020.70734934427,2020.72160934427,146000000,NA
6,2,0.002434371585,670753.715614162,668829.753764792,687690.510643184,683694.123614717,0.016694371585,0.01426,2020.72160934427,2020.72404371585,146000000,SARS2-CoV/Belgium/Human/rega-09221064
6,7,0.00242,670753.715614162,668829.753764792,670971.222648064,670501.212793011,0.01668,0.01426,2020.72160934427,2020.72402934427,146000000,NA
7,3,1.4371584750001e-05,670971.222648064,670501.212793011,670977.188871506,670535.70196252,0.01669437158475,0.01668,2020.72402934427,2020.72404371585,146000000,SARS2-CoV/Belgium/Human/rega-09221012
7,4,1.4371584750001e-05,670971.222648064,670501.212793011,681099.595313414,680159.324611456,0.01669437158475,0.01668,2020.72402934427,2020.72404371585,146000000,SARS2-CoV/Belgium/Human/rega-09221015
