node1,node2,length,startLat,startLon,endLat,endLon,endNodeL,startNodeL,startYear,endYear,treeID,tipLabel
5,1,0.01669437158,674618.174676765,666977.348584279,672083.586745935,668417.538015534,0.01669437158,0,2020.70734934427,2020.72404371585,423600000,SARS2-CoV/Belgium/Human/rega-09221022
5,6,0.01426,674618.174676765,666977.348584279,686886.850770604,683287.275834979,0.01426,0,2020.70734934427,2020.72160934427,423600000,NA
6,2,0.002434371585,686886.850770604,683287.275834979,687690.510643184,683694.123614717,0.016694371585,0.01426,2020.72160934427,2020.72404371585,423600000,SARS2-CoV/Belgium/Human/rega-09221064
6,7,0.00242,686886.850770604,683287.275834979,681113.308913569,680158.421221851,0.01668,0.01426,2020.72160934427,2020.72402934427,423600000,NA
7,3,1.4371584750001e-05,681113.308913569,680158.421221851,670977.188871506,670535.70196252,0.01669437158475,0.01668,2020.72402934427,2020.72404371585,423600000,SARS2-CoV/Belgium/Human/rega-09221012
7,4,1.4371584750001e-05,681113.308913569,680158.421221851,681099.595313414,680159.324611456,0.01669437158475,0.01668,2020.72402934427,2020.72404371585,423600000,SARS2-CoV/Belgium/Human/rega-09221015
