node1,node2,length,startLat,startLon,endLat,endLon,endNodeL,startNodeL,startYear,endYear,treeID,tipLabel
5,1,0.01669437158,680630.606015438,677871.907344995,672083.586745935,668417.538015534,0.01669437158,0,2020.70734934427,2020.72404371585,399600000,SARS2-CoV/Belgium/Human/rega-09221022
5,6,0.01426,680630.606015438,677871.907344995,681112.655349219,682187.334996895,0.01426,0,2020.70734934427,2020.72160934427,399600000,NA
6,2,0.002434371585,681112.655349219,682187.334996895,687690.510643184,683694.123614717,0.016694371585,0.01426,2020.72160934427,2020.72404371585,399600000,SARS2-CoV/Belgium/Human/rega-09221064
6,7,0.00242,681112.655349219,682187.334996895,681099.352088468,680160.661135349,0.01668,0.01426,2020.72160934427,2020.72402934427,399600000,NA
7,3,1.4371584750001e-05,681099.352088468,680160.661135349,670977.188871506,670535.70196252,0.01669437158475,0.01668,2020.72402934427,2020.72404371585,399600000,SARS2-CoV/Belgium/Human/rega-09221012
7,4,1.4371584750001e-05,681099.352088468,680160.661135349,681099.595313414,680159.324611456,0.01669437158475,0.01668,2020.72402934427,2020.72404371585,399600000,SARS2-CoV/Belgium/Human/rega-09221015
