node1,node2,length,startLat,startLon,endLat,endLon,endNodeL,startNodeL,startYear,endYear,treeID,tipLabel
5,1,0.01669437158,671177.258233774,667605.737866116,672083.586745935,668417.538015534,0.01669437158,0,2020.70734934427,2020.72404371585,178400000,SARS2-CoV/Belgium/Human/rega-09221022
5,6,0.01426,671177.258233774,667605.737866116,687525.698493948,683056.238788947,0.01426,0,2020.70734934427,2020.72160934427,178400000,NA
6,2,0.002434371585,687525.698493948,683056.238788947,687690.510643184,683694.123614717,0.016694371585,0.01426,2020.72160934427,2020.72404371585,178400000,SARS2-CoV/Belgium/Human/rega-09221064
6,7,0.00242,687525.698493948,683056.238788947,681129.029866635,680150.501347647,0.01668,0.01426,2020.72160934427,2020.72402934427,178400000,NA
7,3,1.4371584750001e-05,681129.029866635,680150.501347647,670977.188871506,670535.70196252,0.01669437158475,0.01668,2020.72402934427,2020.72404371585,178400000,SARS2-CoV/Belgium/Human/rega-09221012
7,4,1.4371584750001e-05,681129.029866635,680150.501347647,681099.595313414,680159.324611456,0.01669437158475,0.01668,2020.72402934427,2020.72404371585,178400000,SARS2-CoV/Belgium/Human/rega-09221015
