node1,node2,length,startLon,startLat,endLon,endLat,endNodeL,startNodeL,startYear,endYear,tipLabel
4,1,0.003485659611,660686.688432364,671100.390005766,657291.814362362,673610.53088362,0.003485659611,0,2020.75880942236,2020.76229508197,SARS2-CoV/Belgium/Human/rega-10061038
4,5,6.992190602e-05,660686.688432364,671100.390005766,661211.254842101,670665.217737423,6.992190602e-05,0,2020.75880942236,2020.75887934427,NA
5,2,0.003415737705,661211.254842101,670665.217737423,673369.092857369,674291.905305552,0.00348565961102,6.992190602e-05,2020.75887934427,2020.76229508197,SARS2-CoV/Belgium/Human/rega-10061033
5,3,0.003415737705,661211.254842101,670665.217737423,657460.020853075,663702.134619107,0.00348565961102,6.992190602e-05,2020.75887934427,2020.76229508197,SARS2-CoV/Belgium/Human/rega-10061032
