node1,node2,length,startLat,startLon,endLat,endLon,endNodeL,startNodeL,startYear,endYear,treeID,tipLabel
4,1,0.04634911967,674508.400897153,674312.389658883,674911.000196141,674381.011370635,0.04634911967,0,2020.41813175465,2020.46448087432,332400000,SARS2-CoV/Belgium/Human/rega-0619917
4,5,0.0004375896105,674508.400897153,674312.389658883,674376.218091371,674107.856148149,0.0004375896105,0,2020.41813175465,2020.41856934426,332400000,NA
5,2,0.03771480874,674376.218091371,674107.856148149,687708.185568625,680251.200767863,0.0381523983505,0.0004375896105,2020.41856934426,2020.456284153,332400000,SARS2-CoV/Belgium/Human/rega-0616914
5,3,0.02132136612,674376.218091371,674107.856148149,675033.025780451,672976.815017649,0.0217589557305,0.0004375896105,2020.41856934426,2020.43989071038,332400000,hCoV-19/Belgium/rega-0710751/2020|EPI_ISL_522350|2020-06-10|Europe
