node1,node2,length,startLat,startLon,endLat,endLon,endNodeL,startNodeL,startYear,endYear,treeID,tipLabel
4,1,0.04634911967,674468.345088745,676328.026745923,674911.000196141,674381.011370635,0.04634911967,0,2020.41813175465,2020.46448087432,396000000,SARS2-CoV/Belgium/Human/rega-0619917
4,5,0.0004375896105,674468.345088745,676328.026745923,674548.214828934,676477.155227821,0.0004375896105,0,2020.41813175465,2020.41856934426,396000000,NA
5,2,0.03771480874,674548.214828934,676477.155227821,687708.185568625,680251.200767863,0.0381523983505,0.0004375896105,2020.41856934426,2020.456284153,396000000,SARS2-CoV/Belgium/Human/rega-0616914
5,3,0.02132136612,674548.214828934,676477.155227821,675033.025780451,672976.815017649,0.0217589557305,0.0004375896105,2020.41856934426,2020.43989071038,396000000,hCoV-19/Belgium/rega-0710751/2020|EPI_ISL_522350|2020-06-10|Europe
