node1,node2,length,startLat,startLon,endLat,endLon,endNodeL,startNodeL,startYear,endYear,treeID,tipLabel
4,1,0.04634911967,675682.349612192,673774.860056872,674911.000196141,674381.011370635,0.04634911967,0,2020.41813175465,2020.46448087432,424000000,SARS2-CoV/Belgium/Human/rega-0619917
4,5,0.0004375896105,675682.349612192,673774.860056872,675527.927249493,674279.500546384,0.0004375896105,0,2020.41813175465,2020.41856934426,424000000,NA
5,2,0.03771480874,675527.927249493,674279.500546384,687708.185568625,680251.200767863,0.0381523983505,0.0004375896105,2020.41856934426,2020.456284153,424000000,SARS2-CoV/Belgium/Human/rega-0616914
5,3,0.02132136612,675527.927249493,674279.500546384,675033.025780451,672976.815017649,0.0217589557305,0.0004375896105,2020.41856934426,2020.43989071038,424000000,hCoV-19/Belgium/rega-0710751/2020|EPI_ISL_522350|2020-06-10|Europe
