node1,node2,length,startLat,startLon,endLat,endLon,endNodeL,startNodeL,startYear,endYear,treeID,tipLabel
4,1,7.02185792300081e-05,672142.445638076,647328.510392559,672083.709280913,647356.493616335,7.02185792300081e-05,0,2020.26768934426,2020.26775956284,228800000,SARS2-CoV/Belgium/Human/rega-0408689
4,5,0.08194,672142.445638076,647328.510392559,672596.037399161,646149.662873812,0.08194,0,2020.26768934426,2020.34962934426,228800000,NA
5,2,9.74316939199998e-05,672596.037399161,646149.662873812,672630.469247134,646118.874870735,0.08203743169392,0.08194,2020.34962934426,2020.34972677595,228800000,SARS2-CoV/Belgium/Human/rega-0508540
5,3,0.0738679235,672596.037399161,646149.662873812,672732.528612749,646235.090280983,0.1558079235,0.08194,2020.34962934426,2020.42349726776,228800000,SARS2-CoV/Belgium/Human/rega-0604718
