node1,node2,length,startLat,startLon,endLat,endLon,endNodeL,startNodeL,startYear,endYear,treeID,tipLabel
4,1,7.02185792300081e-05,672104.156327996,647082.464156603,672083.709280913,647356.493616335,7.02185792300081e-05,0,2020.26768934426,2020.26775956284,274000000,SARS2-CoV/Belgium/Human/rega-0408689
4,5,0.08194,672104.156327996,647082.464156603,672612.387010767,646326.787205816,0.08194,0,2020.26768934426,2020.34962934426,274000000,NA
5,2,9.74316939199998e-05,672612.387010767,646326.787205816,672630.469247134,646118.874870735,0.08203743169392,0.08194,2020.34962934426,2020.34972677595,274000000,SARS2-CoV/Belgium/Human/rega-0508540
5,3,0.0738679235,672612.387010767,646326.787205816,672732.528612749,646235.090280983,0.1558079235,0.08194,2020.34962934426,2020.42349726776,274000000,SARS2-CoV/Belgium/Human/rega-0604718
