node1,node2,length,startLat,startLon,endLat,endLon,endNodeL,startNodeL,startYear,endYear,treeID,tipLabel
4,1,0.003485659611,673357.312856763,664875.748228966,673610.530883555,657291.814362331,0.003485659611,0,2020.75880942236,2020.76229508197,417600000,SARS2-CoV/Belgium/Human/rega-10061038
4,5,6.992190602e-05,673357.312856763,664875.748228966,673446.101276069,664589.997435856,6.992190602e-05,0,2020.75880942236,2020.75887934427,417600000,NA
5,2,0.003415737705,673446.101276069,664589.997435856,674291.905305597,673369.092857393,0.00348565961102,6.992190602e-05,2020.75887934427,2020.76229508197,417600000,SARS2-CoV/Belgium/Human/rega-10061033
5,3,0.003415737705,673446.101276069,664589.997435856,663702.134619109,657460.020853104,0.00348565961102,6.992190602e-05,2020.75887934427,2020.76229508197,417600000,SARS2-CoV/Belgium/Human/rega-10061032
