node1,node2,length,startLat,startLon,endLat,endLon,endNodeL,startNodeL,startYear,endYear,treeID,tipLabel
4,1,0.003485659611,672484.630441861,653146.095669515,673610.530883555,657291.814362331,0.003485659611,0,2020.75880942236,2020.76229508197,289200000,SARS2-CoV/Belgium/Human/rega-10061038
4,5,6.992190602e-05,672484.630441861,653146.095669515,672680.24063376,654449.179453311,6.992190602e-05,0,2020.75880942236,2020.75887934427,289200000,NA
5,2,0.003415737705,672680.24063376,654449.179453311,674291.905305597,673369.092857393,0.00348565961102,6.992190602e-05,2020.75887934427,2020.76229508197,289200000,SARS2-CoV/Belgium/Human/rega-10061033
5,3,0.003415737705,672680.24063376,654449.179453311,663702.134619109,657460.020853104,0.00348565961102,6.992190602e-05,2020.75887934427,2020.76229508197,289200000,SARS2-CoV/Belgium/Human/rega-10061032
