node1,node2,length,startLat,startLon,endLat,endLon,endNodeL,startNodeL,startYear,endYear,treeID,tipLabel
5,1,0.01669437158,685785.840704347,696050.889653647,672083.586745935,668417.538015534,0.01669437158,0,2020.70734934427,2020.72404371585,322000000,SARS2-CoV/Belgium/Human/rega-09221022
5,6,0.01426,685785.840704347,696050.889653647,686095.273286553,684692.529296925,0.01426,0,2020.70734934427,2020.72160934427,322000000,NA
6,2,0.002434371585,686095.273286553,684692.529296925,687690.510643184,683694.123614717,0.016694371585,0.01426,2020.72160934427,2020.72404371585,322000000,SARS2-CoV/Belgium/Human/rega-09221064
6,7,0.00242,686095.273286553,684692.529296925,681065.04990327,679533.378020849,0.01668,0.01426,2020.72160934427,2020.72402934427,322000000,NA
7,3,1.4371584750001e-05,681065.04990327,679533.378020849,670977.188871506,670535.70196252,0.01669437158475,0.01668,2020.72402934427,2020.72404371585,322000000,SARS2-CoV/Belgium/Human/rega-09221012
7,4,1.4371584750001e-05,681065.04990327,679533.378020849,681099.595313414,680159.324611456,0.01669437158475,0.01668,2020.72402934427,2020.72404371585,322000000,SARS2-CoV/Belgium/Human/rega-09221015
