node1,node2,length,startLat,startLon,endLat,endLon,endNodeL,startNodeL,startYear,endYear,treeID,tipLabel
5,1,0.01669437158,670363.290763112,672951.520246797,672083.586745935,668417.538015534,0.01669437158,0,2020.70734934427,2020.72404371585,408000000,SARS2-CoV/Belgium/Human/rega-09221022
5,6,0.01426,670363.290763112,672951.520246797,687486.317302751,682409.984752594,0.01426,0,2020.70734934427,2020.72160934427,408000000,NA
6,2,0.002434371585,687486.317302751,682409.984752594,687690.510643184,683694.123614717,0.016694371585,0.01426,2020.72160934427,2020.72404371585,408000000,SARS2-CoV/Belgium/Human/rega-09221064
6,7,0.00242,687486.317302751,682409.984752594,681088.439274568,680231.131654705,0.01668,0.01426,2020.72160934427,2020.72402934427,408000000,NA
7,3,1.4371584750001e-05,681088.439274568,680231.131654705,670977.188871506,670535.70196252,0.01669437158475,0.01668,2020.72402934427,2020.72404371585,408000000,SARS2-CoV/Belgium/Human/rega-09221012
7,4,1.4371584750001e-05,681088.439274568,680231.131654705,681099.595313414,680159.324611456,0.01669437158475,0.01668,2020.72402934427,2020.72404371585,408000000,SARS2-CoV/Belgium/Human/rega-09221015
