node1,node2,length,startLat,startLon,endLat,endLon,endNodeL,startNodeL,startYear,endYear,treeID,tipLabel
5,1,0.01669437158,671450.713846259,670209.925038635,672083.586745935,668417.538015534,0.01669437158,0,2020.70734934427,2020.72404371585,219600000,SARS2-CoV/Belgium/Human/rega-09221022
5,6,0.01426,671450.713846259,670209.925038635,670563.370350855,669051.297697047,0.01426,0,2020.70734934427,2020.72160934427,219600000,NA
6,2,0.002434371585,670563.370350855,669051.297697047,687690.510643184,683694.123614717,0.016694371585,0.01426,2020.72160934427,2020.72404371585,219600000,SARS2-CoV/Belgium/Human/rega-09221064
6,7,0.00242,670563.370350855,669051.297697047,671008.389459965,670518.535742605,0.01668,0.01426,2020.72160934427,2020.72402934427,219600000,NA
7,3,1.4371584750001e-05,671008.389459965,670518.535742605,670977.188871506,670535.70196252,0.01669437158475,0.01668,2020.72402934427,2020.72404371585,219600000,SARS2-CoV/Belgium/Human/rega-09221012
7,4,1.4371584750001e-05,671008.389459965,670518.535742605,681099.595313414,680159.324611456,0.01669437158475,0.01668,2020.72402934427,2020.72404371585,219600000,SARS2-CoV/Belgium/Human/rega-09221015
