node1,node2,length,startLat,startLon,endLat,endLon,endNodeL,startNodeL,startYear,endYear,treeID,tipLabel
5,1,0.01669437158,672399.859020803,670244.565624315,672083.586745935,668417.538015534,0.01669437158,0,2020.70734934427,2020.72404371585,118800000,SARS2-CoV/Belgium/Human/rega-09221022
5,6,0.01426,672399.859020803,670244.565624315,671535.888400568,671126.152138441,0.01426,0,2020.70734934427,2020.72160934427,118800000,NA
6,2,0.002434371585,671535.888400568,671126.152138441,687690.510643184,683694.123614717,0.016694371585,0.01426,2020.72160934427,2020.72404371585,118800000,SARS2-CoV/Belgium/Human/rega-09221064
6,7,0.00242,671535.888400568,671126.152138441,671148.646818792,670754.61368226,0.01668,0.01426,2020.72160934427,2020.72402934427,118800000,NA
7,3,1.4371584750001e-05,671148.646818792,670754.61368226,670977.188871506,670535.70196252,0.01669437158475,0.01668,2020.72402934427,2020.72404371585,118800000,SARS2-CoV/Belgium/Human/rega-09221012
7,4,1.4371584750001e-05,671148.646818792,670754.61368226,681099.595313414,680159.324611456,0.01669437158475,0.01668,2020.72402934427,2020.72404371585,118800000,SARS2-CoV/Belgium/Human/rega-09221015
